{
    "exp_name": "Train_OMAMA_ExoEgo_health_down",
    "run_folder": "run_20251119_140610",
    "args": {
        "root": "/home/3152128/vm-cv/data/health_downscaled_data_omama",
        "reverse": true,
        "patch_size": 14,
        "context_size": 20,
        "devices": "0",
        "N_masks_per_batch": 24,
        "batch_size": 8,
        "N_epochs": 3,
        "order": 2,
        "exp_name": "Train_OMAMA_ExoEgo_health_down",
        "output_dir": "/home/3152128/vm-cv/models/O-MaMa/train_output"
    },
    "train_losses": [
        0.5149793690972678,
        0.27329891138238643,
        0.18108047100989091
    ],
    "val_losses": [
        1.7343333434336459,
        1.4673499921746709,
        1.5757468422514447
    ],
    "val_metrics": [
        {
            "iou": 0.5109087818217198,
            "shape_acc": 0.5739766025144541,
            "location_score": 0.07765192879894138,
            "balanced_acc": 0.5148264465797264
        },
        {
            "iou": 0.5282995451231574,
            "shape_acc": 0.5955851129468382,
            "location_score": 0.07000005002288132,
            "balanced_acc": 0.5290884131976508
        },
        {
            "iou": 0.5100356086043709,
            "shape_acc": 0.5758562757653459,
            "location_score": 0.0758479000251361,
            "balanced_acc": 0.5363848105713689
        }
    ],
    "best_iou": 0.5282995451231574
}